<beans xmlns="http://www.springframework.org/schema/beans"
	xmlns:xsi="http://www.w3.org/2001/XMLSchema-instance" xmlns:webflow="http://www.springframework.org/schema/webflow-config"
	xsi:schemaLocation="http://www.springframework.org/schema/beans http://www.springframework.org/schema/beans/spring-beans-3.1.xsd
						http://www.springframework.org/schema/webflow-config http://www.springframework.org/schema/webflow-config/spring-webflow-config-2.3.xsd">

	<webflow:flow-executor id="flowExecutor" flow-registry="flowRegistry" >
	 	<webflow:flow-execution-repository max-executions="3" max-execution-snapshots="10" />
	 	 <webflow:flow-execution-listeners>
	 	 	<webflow:listener ref="jpaFlowExecutionListener"/>
	 		<webflow:listener ref="securityFlowExecutionListener"/>
	 	</webflow:flow-execution-listeners>
	</webflow:flow-executor>

	<webflow:flow-registry id="flowRegistry" base-path="/WEB-INF/view" flow-builder-services="flowBuilderServices">
		<webflow:flow-location-pattern value="/**/*-flow.xml" />
	</webflow:flow-registry>

	<bean id="securityFlowExecutionListener" class="com.example.bookstore.web.security.BookstoreSecurityFlowExecutionListener"/>

	<bean id="jpaFlowExecutionListener"  class="org.springframework.webflow.persistence.JpaFlowExecutionListener">
    	<constructor-arg ref="entityManagerFactory" />
    	<constructor-arg ref="transactionManager" />
	</bean>
	
	<webflow:flow-builder-services id="flowBuilderServices" view-factory-creator="mvcViewFactoryCreator" conversion-service="conversionService" validator="validator" development="true"/>

	<bean id="validator" class="org.springframework.validation.beanvalidation.LocalValidatorFactoryBean" />

	<bean id="mvcViewFactoryCreator" class="org.springframework.webflow.mvc.builder.MvcViewFactoryCreator">
		<property name="viewResolvers">
			<list>
				<ref bean="tilesViewResolver"/>
				<ref bean="viewResolver"/>
			</list>
		</property> 
	</bean>

	<bean id="conversionService" class="org.springframework.binding.convert.service.DefaultConversionService">
    	<constructor-arg ref="mvcConversionService"/>
    </bean>
	
</beans>